,_cameras,date,err,frame_count,frame_number,frame_timestamp,name,ncameras,oid,type,x,y,z
5,"{""cam_vid_id_2436"": 0, ""cam_vid_id_2434"": 0, ""cam_vid_id_2438"": -1}               ",2020-10-18T08:20:57.303785+02:00,0.735905798933345,,37549,,,2,0,BVIEW_tracked_3d_object,0.4355947724086831,-0.06757746580746446,0.324848295901405
6,"{""cam_vid_id_2436"": 0, ""cam_vid_id_2434"": -1, ""cam_vid_id_2438"": 0}               ",2020-10-18T08:20:57.308656+02:00,0.16451081892764882,,37551,,,2,0,BVIEW_tracked_3d_object,0.4290640843283469,-0.008839548017551112,0.35058046473889776
7,"{""cam_vid_id_2436"": 0, ""cam_vid_id_2434"": 0, ""cam_vid_id_2438"": -1}               ",2020-10-18T08:20:57.313584+02:00,1.4150741456722957,,37553,,,2,0,BVIEW_tracked_3d_object,0.4027749600861337,0.07526697081290226,0.36557386112300777
8,"{""cam_vid_id_2436"": 0, ""cam_vid_id_2434"": -1, ""cam_vid_id_2438"": 0}               ",2020-10-18T08:20:57.318527+02:00,1.4518833461983924,,37555,,,2,0,BVIEW_tracked_3d_object,0.40790081608000084,0.1761233818674664,0.38193733678205605
9,"{""cam_vid_id_2436"": 0, ""cam_vid_id_2434"": -1, ""cam_vid_id_2438"": 0}               ",2020-10-18T08:20:57.323452+02:00,1.167348195256773,,37557,,,2,0,BVIEW_tracked_3d_object,0.38993836327548415,0.26273808033123697,0.3781792888595949
10,"{""cam_vid_id_2438"": 0, ""cam_vid_id_2436"": 0, ""cam_vid_id_2434"": 0}                ",2020-10-18T08:20:57.328507+02:00,1.552154567485449,,37559,,,3,0,BVIEW_tracked_3d_object,0.3765927816011883,0.3486544549993984,0.3751283193960573
11,"{""cam_vid_id_2438"": 0, ""cam_vid_id_2436"": 0, ""cam_vid_id_2434"": 0}                ",2020-10-18T08:20:57.333280+02:00,1.0927526905442737,,37561,,,3,0,BVIEW_tracked_3d_object,0.36912281781492745,0.4426375759395438,0.3551505698307728
12,"{""cam_vid_id_2436"": -1, ""cam_vid_id_2434"": -1, ""cam_vid_id_2438"": -1}             ",2020-10-18T08:20:57.337902+02:00,1.0927526905442737,,37563,,,0,0,BVIEW_tracked_3d_object,0.36912281781492745,0.4426375759395438,0.3551505698307728
13,"{""cam_vid_id_2436"": 0, ""cam_vid_id_2434"": 0, ""cam_vid_id_2438"": -1}               ",2020-10-18T08:20:57.342848+02:00,1.4875426847767808,,37565,,,2,0,BVIEW_tracked_3d_object,0.3481758520159923,0.6384983001208273,0.29706078294364563
14,"{""cam_vid_id_2436"": 0, ""cam_vid_id_2434"": -1, ""cam_vid_id_2438"": 0}               ",2020-10-18T08:20:57.347770+02:00,1.2757582236559395,,37567,,,2,0,BVIEW_tracked_3d_object,0.3328285540808576,0.6699305825690711,0.2757035067313175
15,"{""cam_vid_id_2436"": 0, ""cam_vid_id_2434"": -1, ""cam_vid_id_2438"": 0}               ",2020-10-18T08:20:57.352747+02:00,1.740770366725209,,37569,,,2,0,BVIEW_tracked_3d_object,0.32651206950580963,0.6646339385815178,0.27809453782258464
16,"{""cam_vid_id_2436"": 0, ""cam_vid_id_2434"": -1, ""cam_vid_id_2438"": 0}               ",2020-10-18T08:20:57.357653+02:00,1.740770366725209,,37571,,,2,0,BVIEW_tracked_3d_object,0.32651206950580963,0.6646339385815178,0.27809453782258464
17,"{""cam_vid_id_2436"": 0, ""cam_vid_id_2434"": -1, ""cam_vid_id_2438"": 0}               ",2020-10-18T08:20:57.362526+02:00,1.740770366725209,,37573,,,2,0,BVIEW_tracked_3d_object,0.32651206950580963,0.6646339385815178,0.27809453782258464
18,"{""cam_vid_id_2436"": 0, ""cam_vid_id_2434"": -1, ""cam_vid_id_2438"": 0}               ",2020-10-18T08:20:57.367545+02:00,1.740770366725209,,37575,,,2,0,BVIEW_tracked_3d_object,0.32651206950580963,0.6646339385815178,0.27809453782258464
19,"{""cam_vid_id_2436"": 0, ""cam_vid_id_2434"": -1, ""cam_vid_id_2438"": 0}               ",2020-10-18T08:20:57.372419+02:00,1.740770366725209,,37577,,,2,0,BVIEW_tracked_3d_object,0.32651206950580963,0.6646339385815178,0.27809453782258464
20,"{""cam_vid_id_2436"": 0, ""cam_vid_id_2434"": -1, ""cam_vid_id_2438"": 0}               ",2020-10-18T08:20:57.377348+02:00,1.740770366725209,,37579,,,2,0,BVIEW_tracked_3d_object,0.32651206950580963,0.6646339385815178,0.27809453782258464
21,"{""cam_vid_id_2436"": 0, ""cam_vid_id_2434"": -1, ""cam_vid_id_2438"": 0}               ",2020-10-18T08:20:57.382309+02:00,1.740770366725209,,37581,,,2,0,BVIEW_tracked_3d_object,0.32651206950580963,0.6646339385815178,0.27809453782258464
22,"{""cam_vid_id_2436"": 0, ""cam_vid_id_2434"": -1, ""cam_vid_id_2438"": 0}               ",2020-10-18T08:20:57.387330+02:00,1.740770366725209,,37583,,,2,0,BVIEW_tracked_3d_object,0.32651206950580963,0.6646339385815178,0.27809453782258464
23,"{""cam_vid_id_2436"": 0, ""cam_vid_id_2434"": -1, ""cam_vid_id_2438"": 0}               ",2020-10-18T08:20:57.392230+02:00,1.740770366725209,,37585,,,2,0,BVIEW_tracked_3d_object,0.32651206950580963,0.6646339385815178,0.27809453782258464
24,"{""cam_vid_id_2436"": 0, ""cam_vid_id_2434"": -1, ""cam_vid_id_2438"": 0}               ",2020-10-18T08:20:57.397260+02:00,1.1752402373319366,,37587,,,2,0,BVIEW_tracked_3d_object,0.3314819593628956,0.607827389216127,0.30399441990601883
25,"{""cam_vid_id_2436"": 0, ""cam_vid_id_2434"": -1, ""cam_vid_id_2438"": 0}               ",2020-10-18T08:20:57.402258+02:00,1.5557233038069018,,37589,,,2,0,BVIEW_tracked_3d_object,0.3395577276649281,0.5303584970487029,0.34126701366063716
26,"{""cam_vid_id_2436"": -1, ""cam_vid_id_2434"": 0, ""cam_vid_id_2438"": 0}               ",2020-10-18T08:20:57.407539+02:00,0.6165365109009864,,37591,,,2,0,BVIEW_tracked_3d_object,0.3393622005279025,0.4428727442796166,0.3605344919513517
27,"{""cam_vid_id_2436"": 0, ""cam_vid_id_2434"": -1, ""cam_vid_id_2438"": 0}               ",2020-10-18T08:20:57.412569+02:00,0.8068540175954084,,37593,,,2,0,BVIEW_tracked_3d_object,0.35847861860991304,0.3561270250363979,0.37441837711732345
28,"{""cam_vid_id_2436"": 0, ""cam_vid_id_2434"": -1, ""cam_vid_id_2438"": 0}               ",2020-10-18T08:20:57.417594+02:00,0.3087520205773031,,37595,,,2,0,BVIEW_tracked_3d_object,0.37219375729438026,0.2642840961433022,0.3862409429816951
29,"{""cam_vid_id_2436"": 0, ""cam_vid_id_2434"": -1, ""cam_vid_id_2438"": 0}               ",2020-10-18T08:20:57.422704+02:00,1.2022756365560676,,37597,,,2,0,BVIEW_tracked_3d_object,0.3858541886182217,0.16867059542306057,0.3741119225263189
30,"{""cam_vid_id_2436"": 0, ""cam_vid_id_2434"": -1, ""cam_vid_id_2438"": 0}               ",2020-10-18T08:20:57.427665+02:00,0.05980398779373365,,37599,,,2,0,BVIEW_tracked_3d_object,0.4004727144056546,0.08429222532646431,0.3579857035970727
31,"{""cam_vid_id_2436"": 0, ""cam_vid_id_2434"": -1, ""cam_vid_id_2438"": 0}               ",2020-10-18T08:20:57.432573+02:00,1.5766423366108682,,37601,,,2,0,BVIEW_tracked_3d_object,0.4183857632495004,-0.006428943751190104,0.3366173911844582
32,"{""cam_vid_id_2436"": 0, ""cam_vid_id_2434"": -1, ""cam_vid_id_2438"": 0}               ",2020-10-18T08:20:57.437530+02:00,1.3510392272333658,,37603,,,2,0,BVIEW_tracked_3d_object,0.4252583018942924,-0.07295335536143532,0.3143093482207249
33,"{""cam_vid_id_2438"": 0, ""cam_vid_id_2436"": 0, ""cam_vid_id_2434"": 0}                ",2020-10-18T08:20:57.442559+02:00,0.3009160267890067,,37605,,,3,0,BVIEW_tracked_3d_object,0.4316448047747209,-0.06903655758046959,0.31066612256033466
34,"{""cam_vid_id_2436"": 0, ""cam_vid_id_2434"": 0, ""cam_vid_id_2438"": -1}               ",2020-10-18T08:20:57.447597+02:00,1.2479504231954641,,37607,,,2,0,BVIEW_tracked_3d_object,0.4327431540558803,-0.06855810436425464,0.31905501361008387
35,"{""cam_vid_id_2436"": 0, ""cam_vid_id_2434"": 0, ""cam_vid_id_2438"": -1}               ",2020-10-18T08:20:57.452467+02:00,1.2479504231954641,,37609,,,2,0,BVIEW_tracked_3d_object,0.4327431540558803,-0.06855810436425464,0.31905501361008387
36,"{""cam_vid_id_2436"": 0, ""cam_vid_id_2434"": 0, ""cam_vid_id_2438"": -1}               ",2020-10-18T08:20:57.457400+02:00,0.05880230496648265,,37611,,,2,0,BVIEW_tracked_3d_object,0.4445647444831106,-0.06506704465415314,0.3181007627586891
37,"{""cam_vid_id_2436"": 0, ""cam_vid_id_2434"": 0, ""cam_vid_id_2438"": -1}               ",2020-10-18T08:20:57.462382+02:00,0.05880230496648265,,37613,,,2,0,BVIEW_tracked_3d_object,0.4445647444831106,-0.06506704465415314,0.3181007627586891
38,"{""cam_vid_id_2436"": 0, ""cam_vid_id_2434"": 0, ""cam_vid_id_2438"": -1}               ",2020-10-18T08:20:57.467308+02:00,0.05880230496648265,,37615,,,2,0,BVIEW_tracked_3d_object,0.4445647444831106,-0.06506704465415314,0.3181007627586891
39,"{""cam_vid_id_2436"": 0, ""cam_vid_id_2434"": 0, ""cam_vid_id_2438"": -1}               ",2020-10-18T08:20:57.472352+02:00,0.05880230496648265,,37617,,,2,0,BVIEW_tracked_3d_object,0.4445647444831106,-0.06506704465415314,0.3181007627586891
40,"{""cam_vid_id_2436"": 0, ""cam_vid_id_2434"": 0, ""cam_vid_id_2438"": -1}               ",2020-10-18T08:20:57.477298+02:00,0.05880230496648265,,37619,,,2,0,BVIEW_tracked_3d_object,0.4445647444831106,-0.06506704465415314,0.3181007627586891
41,"{""cam_vid_id_2436"": 0, ""cam_vid_id_2434"": 0, ""cam_vid_id_2438"": -1}               ",2020-10-18T08:20:57.482286+02:00,0.05880230496648265,,37621,,,2,0,BVIEW_tracked_3d_object,0.4445647444831106,-0.06506704465415314,0.3181007627586891
42,"{""cam_vid_id_2436"": 0, ""cam_vid_id_2434"": 0, ""cam_vid_id_2438"": -1}               ",2020-10-18T08:20:57.487320+02:00,0.05880230496648265,,37623,,,2,0,BVIEW_tracked_3d_object,0.4445647444831106,-0.06506704465415314,0.3181007627586891
43,"{""cam_vid_id_2436"": 0, ""cam_vid_id_2434"": 0, ""cam_vid_id_2438"": -1}               ",2020-10-18T08:20:57.492385+02:00,0.05880230496648265,,37625,,,2,0,BVIEW_tracked_3d_object,0.4445647444831106,-0.06506704465415314,0.3181007627586891
44,"{""cam_vid_id_2436"": 0, ""cam_vid_id_2434"": 0, ""cam_vid_id_2438"": -1}               ",2020-10-18T08:20:57.497328+02:00,0.05880230496648265,,37627,,,2,0,BVIEW_tracked_3d_object,0.4445647444831106,-0.06506704465415314,0.3181007627586891
45,"{""cam_vid_id_2436"": 0, ""cam_vid_id_2434"": 0, ""cam_vid_id_2438"": -1}               ",2020-10-18T08:20:57.502274+02:00,0.05880230496648265,,37629,,,2,0,BVIEW_tracked_3d_object,0.4445647444831106,-0.06506704465415314,0.3181007627586891
46,"{""cam_vid_id_2436"": 0, ""cam_vid_id_2434"": 0, ""cam_vid_id_2438"": -1}               ",2020-10-18T08:20:57.507205+02:00,0.05880230496648265,,37631,,,2,0,BVIEW_tracked_3d_object,0.4445647444831106,-0.06506704465415314,0.3181007627586891
47,"{""cam_vid_id_2436"": 0, ""cam_vid_id_2434"": 0, ""cam_vid_id_2438"": -1}               ",2020-10-18T08:20:57.512090+02:00,0.05880230496648265,,37633,,,2,0,BVIEW_tracked_3d_object,0.4445647444831106,-0.06506704465415314,0.3181007627586891
48,"{""cam_vid_id_2436"": 0, ""cam_vid_id_2434"": 0, ""cam_vid_id_2438"": -1}               ",2020-10-18T08:20:57.516963+02:00,0.05880230496648265,,37635,,,2,0,BVIEW_tracked_3d_object,0.4445647444831106,-0.06506704465415314,0.3181007627586891
49,"{""cam_vid_id_2436"": 0, ""cam_vid_id_2434"": 0, ""cam_vid_id_2438"": -1}               ",2020-10-18T08:20:57.521995+02:00,0.05880230496648265,,37637,,,2,0,BVIEW_tracked_3d_object,0.4445647444831106,-0.06506704465415314,0.3181007627586891
50,"{""cam_vid_id_2436"": 0, ""cam_vid_id_2434"": 0, ""cam_vid_id_2438"": -1}               ",2020-10-18T08:20:57.526975+02:00,0.05880230496648265,,37639,,,2,0,BVIEW_tracked_3d_object,0.4445647444831106,-0.06506704465415314,0.3181007627586891
51,"{""cam_vid_id_2436"": 0, ""cam_vid_id_2434"": 0, ""cam_vid_id_2438"": -1}               ",2020-10-18T08:20:57.531845+02:00,0.05880230496648265,,37641,,,2,0,BVIEW_tracked_3d_object,0.4445647444831106,-0.06506704465415314,0.3181007627586891
52,"{""cam_vid_id_2436"": 0, ""cam_vid_id_2434"": 0, ""cam_vid_id_2438"": -1}               ",2020-10-18T08:20:57.536691+02:00,0.05880230496648265,,37643,,,2,0,BVIEW_tracked_3d_object,0.4445647444831106,-0.06506704465415314,0.3181007627586891
53,"{""cam_vid_id_2436"": 0, ""cam_vid_id_2434"": 0, ""cam_vid_id_2438"": -1}               ",2020-10-18T08:20:57.541809+02:00,0.05880230496648265,,37645,,,2,0,BVIEW_tracked_3d_object,0.4445647444831106,-0.06506704465415314,0.3181007627586891
54,"{""cam_vid_id_2436"": 0, ""cam_vid_id_2434"": 0, ""cam_vid_id_2438"": -1}               ",2020-10-18T08:20:57.546716+02:00,0.05880230496648265,,37647,,,2,0,BVIEW_tracked_3d_object,0.4445647444831106,-0.06506704465415314,0.3181007627586891
55,"{""cam_vid_id_2436"": 0, ""cam_vid_id_2434"": 0, ""cam_vid_id_2438"": -1}               ",2020-10-18T08:20:57.551619+02:00,0.05880230496648265,,37649,,,2,0,BVIEW_tracked_3d_object,0.4445647444831106,-0.06506704465415314,0.3181007627586891
56,"{""cam_vid_id_2436"": 0, ""cam_vid_id_2434"": 0, ""cam_vid_id_2438"": -1}               ",2020-10-18T08:20:57.556502+02:00,0.05880230496648265,,37651,,,2,0,BVIEW_tracked_3d_object,0.4445647444831106,-0.06506704465415314,0.3181007627586891
57,"{""cam_vid_id_2436"": 0, ""cam_vid_id_2434"": 0, ""cam_vid_id_2438"": -1}               ",2020-10-18T08:20:57.561447+02:00,0.05880230496648265,,37653,,,2,0,BVIEW_tracked_3d_object,0.4445647444831106,-0.06506704465415314,0.3181007627586891
58,"{""cam_vid_id_2436"": 0, ""cam_vid_id_2434"": 0, ""cam_vid_id_2438"": -1}               ",2020-10-18T08:20:57.566349+02:00,0.5410105157396587,,37655,,,2,0,BVIEW_tracked_3d_object,0.46800529058135737,0.017165033089701114,0.32220702791726813
59,"{""cam_vid_id_2438"": 0, ""cam_vid_id_2436"": 0, ""cam_vid_id_2434"": 0}                ",2020-10-18T08:20:57.571265+02:00,1.2415385870875224,,37657,,,3,0,BVIEW_tracked_3d_object,0.4805967417297499,0.10013319439729297,0.3198901875204848
60,"{""cam_vid_id_2436"": -1, ""cam_vid_id_2434"": 0, ""cam_vid_id_2438"": 0}               ",2020-10-18T08:20:57.575886+02:00,1.66064907779756,,37659,,,2,0,BVIEW_tracked_3d_object,0.5004874045205737,0.1798120301372813,0.30617035962745043
61,"{""cam_vid_id_2436"": -1, ""cam_vid_id_2434"": -1, ""cam_vid_id_2438"": -1}             ",2020-10-18T08:20:57.580453+02:00,1.66064907779756,,37661,,,0,0,BVIEW_tracked_3d_object,0.5004874045205737,0.1798120301372813,0.30617035962745043
62,"{""cam_vid_id_2438"": 0, ""cam_vid_id_2436"": 0, ""cam_vid_id_2434"": 0}                ",2020-10-18T08:20:57.585458+02:00,1.3190601830254318,,37663,,,3,0,BVIEW_tracked_3d_object,0.5409513527810756,0.36957856113562826,0.24238898706261736
63,"{""cam_vid_id_2436"": 0, ""cam_vid_id_2434"": -1, ""cam_vid_id_2438"": 0}               ",2020-10-18T08:20:57.590173+02:00,0.2941518674824216,,37665,,,2,0,BVIEW_tracked_3d_object,0.5551524850530635,0.4707209381827297,0.19716200746642773
64,"{""cam_vid_id_2436"": -1, ""cam_vid_id_2434"": -1, ""cam_vid_id_2438"": -1}             ",2020-10-18T08:20:57.594908+02:00,0.2941518674824216,,37667,,,0,0,BVIEW_tracked_3d_object,0.5551524850530635,0.4707209381827297,0.19716200746642773
65,"{""cam_vid_id_2436"": 0, ""cam_vid_id_2434"": -1, ""cam_vid_id_2438"": 0}               ",2020-10-18T08:20:57.599751+02:00,1.0534764486309556,,37669,,,2,0,BVIEW_tracked_3d_object,0.6078100144003566,0.6740161662867554,0.09133387570089224
66,"{""cam_vid_id_2436"": -1, ""cam_vid_id_2434"": -1, ""cam_vid_id_2438"": -1}             ",2020-10-18T08:20:57.604287+02:00,1.0534764486309556,,37671,,,0,0,BVIEW_tracked_3d_object,0.6078100144003566,0.6740161662867554,0.09133387570089224
67,"{""cam_vid_id_2436"": -1, ""cam_vid_id_2434"": 0, ""cam_vid_id_2438"": 0}               ",2020-10-18T08:20:57.608940+02:00,1.7821039329132986,,37673,,,2,0,BVIEW_tracked_3d_object,0.5972003634895449,0.6479294689045483,0.09114989621272394
68,"{""cam_vid_id_2436"": -1, ""cam_vid_id_2434"": -1, ""cam_vid_id_2438"": -1}             ",2020-10-18T08:20:57.613301+02:00,1.7821039329132986,,37675,,,0,0,BVIEW_tracked_3d_object,0.5972003634895449,0.6479294689045483,0.09114989621272394
69,"{""cam_vid_id_2436"": -1, ""cam_vid_id_2434"": -1, ""cam_vid_id_2438"": -1}             ",2020-10-18T08:20:57.617744+02:00,1.7821039329132986,,37677,,,0,0,BVIEW_tracked_3d_object,0.5972003634895449,0.6479294689045483,0.09114989621272394
70,"{""cam_vid_id_2436"": -1, ""cam_vid_id_2434"": 0, ""cam_vid_id_2438"": 0}               ",2020-10-18T08:20:57.631432+02:00,0.4000722615749745,,37683,,,2,1,BVIEW_tracked_3d_object,0.5972551085126523,0.6492889473785242,0.09695634098764097
71,"{""cam_vid_id_2436"": -1, ""cam_vid_id_2434"": 0, ""cam_vid_id_2438"": 0}               ",2020-10-18T08:20:57.636293+02:00,0.4000722615749745,,37685,,,2,1,BVIEW_tracked_3d_object,0.5972551085126523,0.6492889473785242,0.09695634098764097
72,"{""cam_vid_id_2436"": -1, ""cam_vid_id_2434"": 0, ""cam_vid_id_2438"": 0}               ",2020-10-18T08:20:57.640949+02:00,1.2186047495779617,,37687,,,2,1,BVIEW_tracked_3d_object,0.5509780980885075,0.47703750045714133,0.19700453918161107
73,"{""cam_vid_id_2436"": -1, ""cam_vid_id_2434"": -1, ""cam_vid_id_2438"": -1}             ",2020-10-18T08:20:57.645554+02:00,1.2186047495779617,,37689,,,0,1,BVIEW_tracked_3d_object,0.5509780980885075,0.47703750045714133,0.19700453918161107
74,"{""cam_vid_id_2436"": -1, ""cam_vid_id_2434"": 0, ""cam_vid_id_2438"": 0}               ",2020-10-18T08:20:57.650487+02:00,1.6823058198025498,,37691,,,2,1,BVIEW_tracked_3d_object,0.5133967116968159,0.3166418558070654,0.24897393940381446
75,"{""cam_vid_id_2436"": -1, ""cam_vid_id_2434"": 0, ""cam_vid_id_2438"": 0}               ",2020-10-18T08:20:57.655513+02:00,1.4578696743781236,,37693,,,2,1,BVIEW_tracked_3d_object,0.49430354876670257,0.21887223607875275,0.2694835677365485
76,"{""cam_vid_id_2436"": 0, ""cam_vid_id_2434"": -1, ""cam_vid_id_2438"": 0}               ",2020-10-18T08:20:57.660417+02:00,0.9211738255726749,,37695,,,2,1,BVIEW_tracked_3d_object,0.4746927295947647,0.14622601346323988,0.2732662760350345
77,"{""cam_vid_id_2436"": -1, ""cam_vid_id_2434"": 0, ""cam_vid_id_2438"": 0}               ",2020-10-18T08:20:57.665054+02:00,0.6957519858173628,,37697,,,2,1,BVIEW_tracked_3d_object,0.4573243184736966,0.06113895616727674,0.2664323831540629
78,"{""cam_vid_id_2436"": -1, ""cam_vid_id_2434"": -1, ""cam_vid_id_2438"": -1}             ",2020-10-18T08:20:57.669664+02:00,0.6957519858173628,,37699,,,0,1,BVIEW_tracked_3d_object,0.4573243184736966,0.06113895616727674,0.2664323831540629
79,"{""cam_vid_id_2436"": -1, ""cam_vid_id_2434"": 0, ""cam_vid_id_2438"": 0}               ",2020-10-18T08:20:57.674600+02:00,0.20117670396461484,,37701,,,2,1,BVIEW_tracked_3d_object,0.42590439747294906,-0.08627970905729405,0.24444991427505702
80,"{""cam_vid_id_2438"": 0, ""cam_vid_id_2436"": 0, ""cam_vid_id_2434"": 0}                ",2020-10-18T08:20:57.679514+02:00,0.9242069988022794,,37703,,,3,1,BVIEW_tracked_3d_object,0.4420723757081038,-0.07187496547441434,0.24762958093473514
81,"{""cam_vid_id_2436"": 0, ""cam_vid_id_2434"": 0, ""cam_vid_id_2438"": -1}               ",2020-10-18T08:20:57.684478+02:00,1.3955784921151944,,37705,,,2,1,BVIEW_tracked_3d_object,0.45090683298886725,-0.06913595802575935,0.2551542129088152
82,"{""cam_vid_id_2436"": 0, ""cam_vid_id_2434"": -1, ""cam_vid_id_2438"": 0}               ",2020-10-18T08:20:57.689415+02:00,1.3115947221934336,,37707,,,2,1,BVIEW_tracked_3d_object,0.4434794683877466,-0.07352666413985892,0.24755858357192906
83,"{""cam_vid_id_2436"": -1, ""cam_vid_id_2434"": 0, ""cam_vid_id_2438"": 0}               ",2020-10-18T08:20:57.694305+02:00,0.5570554248153432,,37709,,,2,1,BVIEW_tracked_3d_object,0.4437593820513145,-0.08000131110834062,0.24815010427169956
84,"{""cam_vid_id_2436"": -1, ""cam_vid_id_2434"": 0, ""cam_vid_id_2438"": 0}               ",2020-10-18T08:20:57.699283+02:00,0.5570554248153432,,37711,,,2,1,BVIEW_tracked_3d_object,0.4437593820513145,-0.08000131110834062,0.24815010427169956
85,"{""cam_vid_id_2436"": -1, ""cam_vid_id_2434"": 0, ""cam_vid_id_2438"": 0}               ",2020-10-18T08:20:57.704153+02:00,0.5570554248153432,,37713,,,2,1,BVIEW_tracked_3d_object,0.4437593820513145,-0.08000131110834062,0.24815010427169956
86,"{""cam_vid_id_2436"": -1, ""cam_vid_id_2434"": 0, ""cam_vid_id_2438"": 0}               ",2020-10-18T08:20:57.709015+02:00,0.5570554248153432,,37715,,,2,1,BVIEW_tracked_3d_object,0.4437593820513145,-0.08000131110834062,0.24815010427169956
87,"{""cam_vid_id_2436"": 0, ""cam_vid_id_2434"": -1, ""cam_vid_id_2438"": 0}               ",2020-10-18T08:20:57.714082+02:00,1.3115947221934336,,37717,,,2,1,BVIEW_tracked_3d_object,0.4434794683877466,-0.07352666413985892,0.24755858357192906
88,"{""cam_vid_id_2436"": 0, ""cam_vid_id_2434"": -1, ""cam_vid_id_2438"": 0}               ",2020-10-18T08:20:57.718995+02:00,1.3115947221934336,,37719,,,2,1,BVIEW_tracked_3d_object,0.4434794683877466,-0.07352666413985892,0.24755858357192906
89,"{""cam_vid_id_2436"": 0, ""cam_vid_id_2434"": -1, ""cam_vid_id_2438"": 0}               ",2020-10-18T08:20:57.723953+02:00,1.3115947221934336,,37721,,,2,1,BVIEW_tracked_3d_object,0.4434794683877466,-0.07352666413985892,0.24755858357192906
90,"{""cam_vid_id_2436"": 0, ""cam_vid_id_2434"": -1, ""cam_vid_id_2438"": 0}               ",2020-10-18T08:20:57.728816+02:00,1.3115947221934336,,37723,,,2,1,BVIEW_tracked_3d_object,0.4434794683877466,-0.07352666413985892,0.24755858357192906
91,"{""cam_vid_id_2436"": 0, ""cam_vid_id_2434"": -1, ""cam_vid_id_2438"": 0}               ",2020-10-18T08:20:57.733707+02:00,1.3115947221934336,,37725,,,2,1,BVIEW_tracked_3d_object,0.4434794683877466,-0.07352666413985892,0.24755858357192906
92,"{""cam_vid_id_2436"": 0, ""cam_vid_id_2434"": -1, ""cam_vid_id_2438"": 0}               ",2020-10-18T08:20:57.738565+02:00,1.3115947221934336,,37727,,,2,1,BVIEW_tracked_3d_object,0.4434794683877466,-0.07352666413985892,0.24755858357192906
93,"{""cam_vid_id_2436"": 0, ""cam_vid_id_2434"": -1, ""cam_vid_id_2438"": 0}               ",2020-10-18T08:20:57.743442+02:00,1.3115947221934336,,37729,,,2,1,BVIEW_tracked_3d_object,0.4434794683877466,-0.07352666413985892,0.24755858357192906
94,"{""cam_vid_id_2436"": 0, ""cam_vid_id_2434"": -1, ""cam_vid_id_2438"": 0}               ",2020-10-18T08:20:57.748318+02:00,1.3115947221934336,,37731,,,2,1,BVIEW_tracked_3d_object,0.4434794683877466,-0.07352666413985892,0.24755858357192906
95,"{""cam_vid_id_2436"": -1, ""cam_vid_id_2434"": 0, ""cam_vid_id_2438"": 0}               ",2020-10-18T08:20:57.753313+02:00,1.1429967489699728,,37733,,,2,1,BVIEW_tracked_3d_object,0.47559865614329117,-0.046873526594042286,0.2506582354148093
96,"{""cam_vid_id_2436"": -1, ""cam_vid_id_2434"": 0, ""cam_vid_id_2438"": 0}               ",2020-10-18T08:20:57.758292+02:00,1.0199339642620768,,37735,,,2,1,BVIEW_tracked_3d_object,0.5325317680922808,0.009829729836564438,0.24860642949372086
97,"{""cam_vid_id_2436"": 0, ""cam_vid_id_2434"": -1, ""cam_vid_id_2438"": 0}               ",2020-10-18T08:20:57.763212+02:00,1.5540812475101422,,37737,,,2,1,BVIEW_tracked_3d_object,0.5922305340789203,0.08440574081856268,0.2287935278123053
98,"{""cam_vid_id_2436"": 0, ""cam_vid_id_2434"": -1, ""cam_vid_id_2438"": 0}               ",2020-10-18T08:20:57.768104+02:00,0.5907747139564048,,37739,,,2,1,BVIEW_tracked_3d_object,0.662269401976169,0.14095616468597089,0.21036033265323864
99,"{""cam_vid_id_2436"": -1, ""cam_vid_id_2434"": 0, ""cam_vid_id_2438"": 0}               ",2020-10-18T08:20:57.773255+02:00,1.2854401792200825,,37741,,,2,1,BVIEW_tracked_3d_object,0.7306645278633983,0.20893913645173903,0.17711675898435603
100,"{""cam_vid_id_2436"": -1, ""cam_vid_id_2434"": 0, ""cam_vid_id_2438"": 0}               ",2020-10-18T08:20:57.777941+02:00,0.9950567472486662,,37743,,,2,1,BVIEW_tracked_3d_object,0.7884174727970463,0.25413727669582387,0.13146403189530892
101,"{""cam_vid_id_2436"": -1, ""cam_vid_id_2434"": -1, ""cam_vid_id_2438"": -1}             ",2020-10-18T08:20:57.782826+02:00,0.9950567472486662,,37745,,,0,1,BVIEW_tracked_3d_object,0.7884174727970463,0.25413727669582387,0.13146403189530892
102,"{""cam_vid_id_2436"": 0, ""cam_vid_id_2434"": -1, ""cam_vid_id_2438"": 0}               ",2020-10-18T08:20:57.787973+02:00,0.35535124384781464,,37747,,,2,1,BVIEW_tracked_3d_object,0.8954998454431042,0.36325603001364754,0.04823691330759666
103,"{""cam_vid_id_2436"": 0, ""cam_vid_id_2434"": 0, ""cam_vid_id_2438"": -1}               ",2020-10-18T08:20:57.793150+02:00,0.5237923036255109,,37749,,,2,1,BVIEW_tracked_3d_object,0.8684760770773959,0.36265581006388053,0.05556605786019984
104,"{""cam_vid_id_2436"": 0, ""cam_vid_id_2434"": 0, ""cam_vid_id_2438"": -1}               ",2020-10-18T08:20:57.798323+02:00,0.5237923036255109,,37751,,,2,1,BVIEW_tracked_3d_object,0.8684760770773959,0.36265581006388053,0.05556605786019984
105,"{""cam_vid_id_2436"": 0, ""cam_vid_id_2434"": 0, ""cam_vid_id_2438"": -1}               ",2020-10-18T08:20:57.803474+02:00,0.9973780078097528,,37753,,,2,1,BVIEW_tracked_3d_object,0.8730928804706617,0.3662319404130511,0.05372284796133962
106,"{""cam_vid_id_2436"": 0, ""cam_vid_id_2434"": 0, ""cam_vid_id_2438"": -1}               ",2020-10-18T08:20:57.808678+02:00,0.5237923036255109,,37755,,,2,1,BVIEW_tracked_3d_object,0.8684760770773959,0.36265581006388053,0.05556605786019984
107,"{""cam_vid_id_2436"": 0, ""cam_vid_id_2434"": -1, ""cam_vid_id_2438"": 0}               ",2020-10-18T08:20:57.813936+02:00,0.2638403863315256,,37757,,,2,1,BVIEW_tracked_3d_object,0.85037909569952,0.3719357660204187,0.06782766868693282
108,"{""cam_vid_id_2436"": 0, ""cam_vid_id_2434"": 0, ""cam_vid_id_2438"": -1}               ",2020-10-18T08:20:57.819110+02:00,0.33005978264244384,,37759,,,2,1,BVIEW_tracked_3d_object,0.8085031747072127,0.4256989172979864,0.09848470320447368
109,"{""cam_vid_id_2436"": -1, ""cam_vid_id_2434"": 0, ""cam_vid_id_2438"": 0}               ",2020-10-18T08:20:57.824109+02:00,0.41623507240195334,,37761,,,2,1,BVIEW_tracked_3d_object,0.7067446043704831,0.45475396929144096,0.12660839258133105
110,"{""cam_vid_id_2436"": 0, ""cam_vid_id_2434"": 0, ""cam_vid_id_2438"": -1}               ",2020-10-18T08:20:57.829069+02:00,0.41721823618264653,,37763,,,2,1,BVIEW_tracked_3d_object,0.6417245607284794,0.5111950122268433,0.14892858220720198
111,"{""cam_vid_id_2438"": 0, ""cam_vid_id_2436"": 0, ""cam_vid_id_2434"": 0}                ",2020-10-18T08:20:57.834708+02:00,0.8430480401757963,,37765,,,3,1,BVIEW_tracked_3d_object,0.5417275039574284,0.5381560526198084,0.1568772515270425
112,"{""cam_vid_id_2436"": 0, ""cam_vid_id_2434"": 0, ""cam_vid_id_2438"": -1}               ",2020-10-18T08:20:57.839674+02:00,0.6526717476580031,,37767,,,2,1,BVIEW_tracked_3d_object,0.48160079198909506,0.6028992713401653,0.15758409071101373
113,"{""cam_vid_id_2438"": 0, ""cam_vid_id_2436"": 0, ""cam_vid_id_2434"": 0}                ",2020-10-18T08:20:57.844645+02:00,1.9455302344654413,,37769,,,3,1,BVIEW_tracked_3d_object,0.382466520572995,0.6403793326409052,0.14640348020711436
114,"{""cam_vid_id_2436"": 0, ""cam_vid_id_2434"": -1, ""cam_vid_id_2438"": 0}               ",2020-10-18T08:20:57.849624+02:00,0.38387913486353276,,37771,,,2,1,BVIEW_tracked_3d_object,0.32105386867824437,0.677812685893082,0.13732777018584824
115,"{""cam_vid_id_2436"": 0, ""cam_vid_id_2434"": -1, ""cam_vid_id_2438"": 0}               ",2020-10-18T08:20:57.854658+02:00,1.909460905082367,,37773,,,2,1,BVIEW_tracked_3d_object,0.3157986570049156,0.7016986998004737,0.12875469521944835
116,"{""cam_vid_id_2436"": 0, ""cam_vid_id_2434"": -1, ""cam_vid_id_2438"": 0}               ",2020-10-18T08:20:57.859680+02:00,0.9725483814709913,,37775,,,2,1,BVIEW_tracked_3d_object,0.3200564358477124,0.7052626704724023,0.12597313034609947
117,"{""cam_vid_id_2436"": -1, ""cam_vid_id_2434"": 0, ""cam_vid_id_2438"": 0}               ",2020-10-18T08:20:57.864868+02:00,0.9649936108000616,,37777,,,2,1,BVIEW_tracked_3d_object,0.31672567218924974,0.6912504595611921,0.1315975468995504
118,"{""cam_vid_id_2436"": 0, ""cam_vid_id_2434"": 0, ""cam_vid_id_2438"": -1}               ",2020-10-18T08:20:57.870035+02:00,0.7316781081787394,,37779,,,2,1,BVIEW_tracked_3d_object,0.28720571631797875,0.6772257484948875,0.1287800308399488
119,"{""cam_vid_id_2436"": -1, ""cam_vid_id_2434"": 0, ""cam_vid_id_2438"": 0}               ",2020-10-18T08:20:57.875280+02:00,0.2958237951012096,,37781,,,2,1,BVIEW_tracked_3d_object,0.34891225179365076,0.6538486744465904,0.13647701766471826
120,"{""cam_vid_id_2436"": -1, ""cam_vid_id_2434"": 0, ""cam_vid_id_2438"": 0}               ",2020-10-18T08:20:57.880441+02:00,1.5922257281023908,,37783,,,2,1,BVIEW_tracked_3d_object,0.4448517129803556,0.6047352040993214,0.14545608230576507
121,"{""cam_vid_id_2436"": 0, ""cam_vid_id_2434"": 0, ""cam_vid_id_2438"": -1}               ",2020-10-18T08:20:57.885215+02:00,0.3034004836777998,,37785,,,2,1,BVIEW_tracked_3d_object,0.5013868012850681,0.5429320823733265,0.13905405844620738
122,"{""cam_vid_id_2436"": -1, ""cam_vid_id_2434"": -1, ""cam_vid_id_2438"": -1}             ",2020-10-18T08:20:57.889596+02:00,0.3034004836777998,,37787,,,0,1,BVIEW_tracked_3d_object,0.5013868012850681,0.5429320823733265,0.13905405844620738
123,"{""cam_vid_id_2436"": -1, ""cam_vid_id_2434"": -1, ""cam_vid_id_2438"": -1}             ",2020-10-18T08:20:57.894197+02:00,0.3034004836777998,,37789,,,0,1,BVIEW_tracked_3d_object,0.5013868012850681,0.5429320823733265,0.13905405844620738
124,"{""cam_vid_id_2436"": 0, ""cam_vid_id_2434"": 0, ""cam_vid_id_2438"": -1}               ",2020-10-18T08:20:57.903701+02:00,1.3112864552843435,,37793,,,2,2,BVIEW_tracked_3d_object,0.8739948022705,0.3636400730422776,0.0236743119905503
125,"{""cam_vid_id_2436"": 0, ""cam_vid_id_2434"": -1, ""cam_vid_id_2438"": 0}               ",2020-10-18T08:20:57.908604+02:00,1.1540613824497767,,37795,,,2,2,BVIEW_tracked_3d_object,0.8732335729188294,0.3546726310082243,0.0222457997415313
126,"{""cam_vid_id_2436"": 0, ""cam_vid_id_2434"": -1, ""cam_vid_id_2438"": 0}               ",2020-10-18T08:20:57.913518+02:00,1.1269682964102152,,37797,,,2,2,BVIEW_tracked_3d_object,0.8643116792046246,0.3507831352406239,0.02324823389046884
127,"{""cam_vid_id_2436"": 0, ""cam_vid_id_2434"": 0, ""cam_vid_id_2438"": -1}               ",2020-10-18T08:20:57.918468+02:00,0.7759954888548044,,37799,,,2,2,BVIEW_tracked_3d_object,0.8806953059176292,0.3485631407964204,0.009992684193177136
128,"{""cam_vid_id_2436"": -1, ""cam_vid_id_2434"": 0, ""cam_vid_id_2438"": 0}               ",2020-10-18T08:20:57.923403+02:00,1.2428894167901912,,37801,,,2,2,BVIEW_tracked_3d_object,0.8698397972631774,0.33565264762550195,0.014536945735688173
129,"{""cam_vid_id_2436"": -1, ""cam_vid_id_2434"": 0, ""cam_vid_id_2438"": 0}               ",2020-10-18T08:20:57.928287+02:00,1.2428894167901912,,37803,,,2,2,BVIEW_tracked_3d_object,0.8698397972631774,0.33565264762550195,0.014536945735688173
130,"{""cam_vid_id_2436"": -1, ""cam_vid_id_2434"": 0, ""cam_vid_id_2438"": 0}               ",2020-10-18T08:20:57.933255+02:00,0.4968925088208382,,37805,,,2,2,BVIEW_tracked_3d_object,0.8547847551261661,0.32927110948855975,0.024423519050298582
131,"{""cam_vid_id_2436"": -1, ""cam_vid_id_2434"": 0, ""cam_vid_id_2438"": 0}               ",2020-10-18T08:20:57.938189+02:00,0.9291793963248053,,37807,,,2,2,BVIEW_tracked_3d_object,0.7761615878469853,0.2559847005907592,0.05720723606298835
132,"{""cam_vid_id_2436"": -1, ""cam_vid_id_2434"": 0, ""cam_vid_id_2438"": 0}               ",2020-10-18T08:20:57.943202+02:00,1.7902784533735563,,37809,,,2,2,BVIEW_tracked_3d_object,0.7171854974333663,0.19959546364951417,0.07859638319703396
133,"{""cam_vid_id_2436"": 0, ""cam_vid_id_2434"": 0, ""cam_vid_id_2438"": -1}               ",2020-10-18T08:20:57.947880+02:00,0.522278091462328,,37811,,,2,2,BVIEW_tracked_3d_object,0.6613156376876731,0.15795825337581995,0.09423495827458664
134,"{""cam_vid_id_2436"": -1, ""cam_vid_id_2434"": -1, ""cam_vid_id_2438"": -1}             ",2020-10-18T08:20:57.952698+02:00,0.522278091462328,,37813,,,0,2,BVIEW_tracked_3d_object,0.6613156376876731,0.15795825337581995,0.09423495827458664
135,"{""cam_vid_id_2438"": 0, ""cam_vid_id_2436"": 0, ""cam_vid_id_2434"": 0}                ",2020-10-18T08:20:57.957697+02:00,1.5092864939352832,,37815,,,3,2,BVIEW_tracked_3d_object,0.5113289690021349,0.03141160432271038,0.08425732915858311
136,"{""cam_vid_id_2436"": 0, ""cam_vid_id_2434"": -1, ""cam_vid_id_2438"": 0}               ",2020-10-18T08:20:57.962589+02:00,0.5151555421481714,,37817,,,2,2,BVIEW_tracked_3d_object,0.4532074095781722,-0.030121229789526832,0.06511349169261803
137,"{""cam_vid_id_2436"": 0, ""cam_vid_id_2434"": -1, ""cam_vid_id_2438"": 0}               ",2020-10-18T08:20:57.967482+02:00,0.21231215085376082,,37819,,,2,2,BVIEW_tracked_3d_object,0.4147844630665738,-0.06612400280101548,0.044006504606735324
138,"{""cam_vid_id_2436"": -1, ""cam_vid_id_2434"": 0, ""cam_vid_id_2438"": 0}               ",2020-10-18T08:20:57.972173+02:00,0.09835153068845402,,37821,,,2,2,BVIEW_tracked_3d_object,0.4026821861705834,-0.06984075964355423,0.041022590397090275
139,"{""cam_vid_id_2436"": -1, ""cam_vid_id_2434"": -1, ""cam_vid_id_2438"": -1}             ",2020-10-18T08:20:57.976710+02:00,0.09835153068845402,,37823,,,0,2,BVIEW_tracked_3d_object,0.4026821861705834,-0.06984075964355423,0.041022590397090275
140,"{""cam_vid_id_2436"": 0, ""cam_vid_id_2434"": 0, ""cam_vid_id_2438"": -1}               ",2020-10-18T08:20:57.981445+02:00,0.415628241899805,,37825,,,2,2,BVIEW_tracked_3d_object,0.40422927658981966,-0.058761391646986655,0.03547036192968251
141,"{""cam_vid_id_2436"": -1, ""cam_vid_id_2434"": -1, ""cam_vid_id_2438"": -1}             ",2020-10-18T08:20:57.985888+02:00,0.415628241899805,,37827,,,0,2,BVIEW_tracked_3d_object,0.40422927658981966,-0.058761391646986655,0.03547036192968251
142,"{""cam_vid_id_2436"": -1, ""cam_vid_id_2434"": -1, ""cam_vid_id_2438"": -1}             ",2020-10-18T08:20:57.990245+02:00,0.415628241899805,,37829,,,0,2,BVIEW_tracked_3d_object,0.40422927658981966,-0.058761391646986655,0.03547036192968251
143,"{""cam_vid_id_2436"": -1, ""cam_vid_id_2434"": 0, ""cam_vid_id_2438"": 0}               ",2020-10-18T08:20:58.004050+02:00,0.6918908234627515,,37835,,,2,3,BVIEW_tracked_3d_object,0.3891131022541024,-0.03016828315811415,0.033893058115334024
144,"{""cam_vid_id_2436"": 0, ""cam_vid_id_2434"": 0, ""cam_vid_id_2438"": -1}               ",2020-10-18T08:20:58.009200+02:00,0.6918908234627515,,37837,,,2,3,BVIEW_tracked_3d_object,0.3891131022541024,-0.03016828315811415,0.033893058115334024
145,"{""cam_vid_id_2436"": 0, ""cam_vid_id_2434"": -1, ""cam_vid_id_2438"": 0}               ",2020-10-18T08:20:58.014106+02:00,1.57694011568289,,37839,,,2,3,BVIEW_tracked_3d_object,0.3506251549308927,0.07866227052730106,-0.005865892130618111
146,"{""cam_vid_id_2436"": 0, ""cam_vid_id_2434"": -1, ""cam_vid_id_2438"": 0}               ",2020-10-18T08:20:58.018977+02:00,1.7377220881371387,,37841,,,2,3,BVIEW_tracked_3d_object,0.329799804727614,0.12180673341994457,-0.026780553133060905
147,"{""cam_vid_id_2436"": 0, ""cam_vid_id_2434"": 0, ""cam_vid_id_2438"": -1}               ",2020-10-18T08:20:58.023631+02:00,0.24649491856627775,,37843,,,2,3,BVIEW_tracked_3d_object,0.3355965149705977,0.12642231358313882,-0.0289862820277103
148,"{""cam_vid_id_2436"": -1, ""cam_vid_id_2434"": -1, ""cam_vid_id_2438"": -1}             ",2020-10-18T08:20:58.028013+02:00,0.24649491856627775,,37845,,,0,3,BVIEW_tracked_3d_object,0.3355965149705977,0.12642231358313882,-0.0289862820277103
149,"{""cam_vid_id_2436"": -1, ""cam_vid_id_2434"": -1, ""cam_vid_id_2438"": -1}             ",2020-10-18T08:20:58.032360+02:00,0.24649491856627775,,37847,,,0,3,BVIEW_tracked_3d_object,0.3355965149705977,0.12642231358313882,-0.0289862820277103
150,"{""cam_vid_id_2436"": 0, ""cam_vid_id_2434"": 0, ""cam_vid_id_2438"": -1}               ",2020-10-18T08:20:58.050221+02:00,0.5584840278236373,,37855,,,2,4,BVIEW_tracked_3d_object,0.3689270786774439,0.007030570586141644,0.18940154668918402
151,"{""cam_vid_id_2436"": -1, ""cam_vid_id_2434"": -1, ""cam_vid_id_2438"": -1}             ",2020-10-18T08:20:58.054806+02:00,0.5584840278236373,,37857,,,0,4,BVIEW_tracked_3d_object,0.3689270786774439,0.007030570586141644,0.18940154668918402
152,"{""cam_vid_id_2436"": 0, ""cam_vid_id_2434"": -1, ""cam_vid_id_2438"": 0}               ",2020-10-18T08:20:58.059779+02:00,0.6357767320831273,,37859,,,2,4,BVIEW_tracked_3d_object,0.41103289689375133,-0.05115546110558897,0.2723915389852525
153,"{""cam_vid_id_2436"": 0, ""cam_vid_id_2434"": -1, ""cam_vid_id_2438"": 0}               ",2020-10-18T08:20:58.064886+02:00,1.4213388322357123,,37861,,,2,4,BVIEW_tracked_3d_object,0.4170264743436671,-0.08281183675697373,0.2910324937193803
154,"{""cam_vid_id_2436"": -1, ""cam_vid_id_2434"": 0, ""cam_vid_id_2438"": 0}               ",2020-10-18T08:20:58.069815+02:00,0.3924131560579537,,37863,,,2,4,BVIEW_tracked_3d_object,0.4153429134432376,-0.07335614303467484,0.2976355802511462
155,"{""cam_vid_id_2436"": 0, ""cam_vid_id_2434"": -1, ""cam_vid_id_2438"": 0}               ",2020-10-18T08:20:58.074706+02:00,1.0686558446011145,,37865,,,2,4,BVIEW_tracked_3d_object,0.42040042735179284,-0.06525835418655371,0.3019460451655321
156,"{""cam_vid_id_2436"": 0, ""cam_vid_id_2434"": 0, ""cam_vid_id_2438"": -1}               ",2020-10-18T08:20:58.079554+02:00,1.939959532349282,,37867,,,2,4,BVIEW_tracked_3d_object,0.42691444323182415,-0.06354298112660008,0.3049620037873048
157,"{""cam_vid_id_2436"": 0, ""cam_vid_id_2434"": 0, ""cam_vid_id_2438"": -1}               ",2020-10-18T08:20:58.084531+02:00,0.10656788442128758,,37869,,,2,4,BVIEW_tracked_3d_object,0.4309870653323903,-0.062210391693227715,0.3030429611126154
158,"{""cam_vid_id_2436"": 0, ""cam_vid_id_2434"": 0, ""cam_vid_id_2438"": -1}               ",2020-10-18T08:20:58.089508+02:00,0.10656788442128758,,37871,,,2,4,BVIEW_tracked_3d_object,0.4309870653323903,-0.062210391693227715,0.3030429611126154
159,"{""cam_vid_id_2436"": 0, ""cam_vid_id_2434"": 0, ""cam_vid_id_2438"": -1}               ",2020-10-18T08:20:58.094434+02:00,0.10656788442128758,,37873,,,2,4,BVIEW_tracked_3d_object,0.4309870653323903,-0.062210391693227715,0.3030429611126154
160,"{""cam_vid_id_2436"": 0, ""cam_vid_id_2434"": 0, ""cam_vid_id_2438"": -1}               ",2020-10-18T08:20:58.099383+02:00,0.10656788442128758,,37875,,,2,4,BVIEW_tracked_3d_object,0.4309870653323903,-0.062210391693227715,0.3030429611126154
161,"{""cam_vid_id_2436"": 0, ""cam_vid_id_2434"": 0, ""cam_vid_id_2438"": -1}               ",2020-10-18T08:20:58.104308+02:00,0.10656788442128758,,37877,,,2,4,BVIEW_tracked_3d_object,0.4309870653323903,-0.062210391693227715,0.3030429611126154
162,"{""cam_vid_id_2436"": 0, ""cam_vid_id_2434"": 0, ""cam_vid_id_2438"": -1}               ",2020-10-18T08:20:58.109257+02:00,0.10656788442128758,,37879,,,2,4,BVIEW_tracked_3d_object,0.4309870653323903,-0.062210391693227715,0.3030429611126154
163,"{""cam_vid_id_2436"": 0, ""cam_vid_id_2434"": 0, ""cam_vid_id_2438"": -1}               ",2020-10-18T08:20:58.114254+02:00,0.10656788442128758,,37881,,,2,4,BVIEW_tracked_3d_object,0.4309870653323903,-0.062210391693227715,0.3030429611126154
164,"{""cam_vid_id_2436"": 0, ""cam_vid_id_2434"": 0, ""cam_vid_id_2438"": -1}               ",2020-10-18T08:20:58.119203+02:00,0.10656788442128758,,37883,,,2,4,BVIEW_tracked_3d_object,0.4309870653323903,-0.062210391693227715,0.3030429611126154
165,"{""cam_vid_id_2436"": 0, ""cam_vid_id_2434"": 0, ""cam_vid_id_2438"": -1}               ",2020-10-18T08:20:58.124418+02:00,0.10656788442128758,,37885,,,2,4,BVIEW_tracked_3d_object,0.4309870653323903,-0.062210391693227715,0.3030429611126154
166,"{""cam_vid_id_2436"": 0, ""cam_vid_id_2434"": 0, ""cam_vid_id_2438"": -1}               ",2020-10-18T08:20:58.129391+02:00,0.10656788442128758,,37887,,,2,4,BVIEW_tracked_3d_object,0.4309870653323903,-0.062210391693227715,0.3030429611126154
167,"{""cam_vid_id_2436"": 0, ""cam_vid_id_2434"": 0, ""cam_vid_id_2438"": -1}               ",2020-10-18T08:20:58.134336+02:00,0.10656788442128758,,37889,,,2,4,BVIEW_tracked_3d_object,0.4309870653323903,-0.062210391693227715,0.3030429611126154
168,"{""cam_vid_id_2436"": 0, ""cam_vid_id_2434"": 0, ""cam_vid_id_2438"": -1}               ",2020-10-18T08:20:58.139304+02:00,0.10656788442128758,,37891,,,2,4,BVIEW_tracked_3d_object,0.4309870653323903,-0.062210391693227715,0.3030429611126154
169,"{""cam_vid_id_2436"": 0, ""cam_vid_id_2434"": 0, ""cam_vid_id_2438"": -1}               ",2020-10-18T08:20:58.144256+02:00,0.10656788442128758,,37893,,,2,4,BVIEW_tracked_3d_object,0.4309870653323903,-0.062210391693227715,0.3030429611126154
170,"{""cam_vid_id_2436"": 0, ""cam_vid_id_2434"": 0, ""cam_vid_id_2438"": -1}               ",2020-10-18T08:20:58.149251+02:00,0.10656788442128758,,37895,,,2,4,BVIEW_tracked_3d_object,0.4309870653323903,-0.062210391693227715,0.3030429611126154
171,"{""cam_vid_id_2436"": 0, ""cam_vid_id_2434"": 0, ""cam_vid_id_2438"": -1}               ",2020-10-18T08:20:58.154223+02:00,0.10656788442128758,,37897,,,2,4,BVIEW_tracked_3d_object,0.4309870653323903,-0.062210391693227715,0.3030429611126154
172,"{""cam_vid_id_2436"": 0, ""cam_vid_id_2434"": 0, ""cam_vid_id_2438"": -1}               ",2020-10-18T08:20:58.159148+02:00,0.10656788442128758,,37899,,,2,4,BVIEW_tracked_3d_object,0.4309870653323903,-0.062210391693227715,0.3030429611126154
173,"{""cam_vid_id_2436"": 0, ""cam_vid_id_2434"": 0, ""cam_vid_id_2438"": -1}               ",2020-10-18T08:20:58.164129+02:00,0.10656788442128758,,37901,,,2,4,BVIEW_tracked_3d_object,0.4309870653323903,-0.062210391693227715,0.3030429611126154
174,"{""cam_vid_id_2436"": 0, ""cam_vid_id_2434"": 0, ""cam_vid_id_2438"": -1}               ",2020-10-18T08:20:58.169101+02:00,0.10656788442128758,,37903,,,2,4,BVIEW_tracked_3d_object,0.4309870653323903,-0.062210391693227715,0.3030429611126154
175,"{""cam_vid_id_2436"": 0, ""cam_vid_id_2434"": 0, ""cam_vid_id_2438"": -1}               ",2020-10-18T08:20:58.174046+02:00,0.10656788442128758,,37905,,,2,4,BVIEW_tracked_3d_object,0.4309870653323903,-0.062210391693227715,0.3030429611126154
176,"{""cam_vid_id_2436"": 0, ""cam_vid_id_2434"": 0, ""cam_vid_id_2438"": -1}               ",2020-10-18T08:20:58.178967+02:00,0.10656788442128758,,37907,,,2,4,BVIEW_tracked_3d_object,0.4309870653323903,-0.062210391693227715,0.3030429611126154
177,"{""cam_vid_id_2436"": 0, ""cam_vid_id_2434"": 0, ""cam_vid_id_2438"": -1}               ",2020-10-18T08:20:58.184241+02:00,0.10656788442128758,,37909,,,2,4,BVIEW_tracked_3d_object,0.4309870653323903,-0.062210391693227715,0.3030429611126154
178,"{""cam_vid_id_2436"": 0, ""cam_vid_id_2434"": 0, ""cam_vid_id_2438"": -1}               ",2020-10-18T08:20:58.189230+02:00,0.10656788442128758,,37911,,,2,4,BVIEW_tracked_3d_object,0.4309870653323903,-0.062210391693227715,0.3030429611126154
179,"{""cam_vid_id_2436"": 0, ""cam_vid_id_2434"": 0, ""cam_vid_id_2438"": -1}               ",2020-10-18T08:20:58.194295+02:00,0.10656788442128758,,37913,,,2,4,BVIEW_tracked_3d_object,0.4309870653323903,-0.062210391693227715,0.3030429611126154
180,"{""cam_vid_id_2436"": 0, ""cam_vid_id_2434"": 0, ""cam_vid_id_2438"": -1}               ",2020-10-18T08:20:58.199394+02:00,0.10656788442128758,,37915,,,2,4,BVIEW_tracked_3d_object,0.4309870653323903,-0.062210391693227715,0.3030429611126154
181,"{""cam_vid_id_2436"": 0, ""cam_vid_id_2434"": 0, ""cam_vid_id_2438"": -1}               ",2020-10-18T08:20:58.204377+02:00,0.10656788442128758,,37917,,,2,4,BVIEW_tracked_3d_object,0.4309870653323903,-0.062210391693227715,0.3030429611126154
182,"{""cam_vid_id_2436"": 0, ""cam_vid_id_2434"": 0, ""cam_vid_id_2438"": -1}               ",2020-10-18T08:20:58.209501+02:00,0.10656788442128758,,37919,,,2,4,BVIEW_tracked_3d_object,0.4309870653323903,-0.062210391693227715,0.3030429611126154
183,"{""cam_vid_id_2436"": 0, ""cam_vid_id_2434"": 0, ""cam_vid_id_2438"": -1}               ",2020-10-18T08:20:58.214680+02:00,0.10656788442128758,,37921,,,2,4,BVIEW_tracked_3d_object,0.4309870653323903,-0.062210391693227715,0.3030429611126154
184,"{""cam_vid_id_2436"": 0, ""cam_vid_id_2434"": 0, ""cam_vid_id_2438"": -1}               ",2020-10-18T08:20:58.219636+02:00,0.10656788442128758,,37923,,,2,4,BVIEW_tracked_3d_object,0.4309870653323903,-0.062210391693227715,0.3030429611126154
185,"{""cam_vid_id_2436"": 0, ""cam_vid_id_2434"": 0, ""cam_vid_id_2438"": -1}               ",2020-10-18T08:20:58.224713+02:00,0.10656788442128758,,37925,,,2,4,BVIEW_tracked_3d_object,0.4309870653323903,-0.062210391693227715,0.3030429611126154
186,"{""cam_vid_id_2436"": 0, ""cam_vid_id_2434"": 0, ""cam_vid_id_2438"": -1}               ",2020-10-18T08:20:58.229809+02:00,0.10656788442128758,,37927,,,2,4,BVIEW_tracked_3d_object,0.4309870653323903,-0.062210391693227715,0.3030429611126154
187,"{""cam_vid_id_2436"": 0, ""cam_vid_id_2434"": 0, ""cam_vid_id_2438"": -1}               ",2020-10-18T08:20:58.234689+02:00,0.10656788442128758,,37929,,,2,4,BVIEW_tracked_3d_object,0.4309870653323903,-0.062210391693227715,0.3030429611126154
188,"{""cam_vid_id_2436"": 0, ""cam_vid_id_2434"": 0, ""cam_vid_id_2438"": -1}               ",2020-10-18T08:20:58.239643+02:00,0.10656788442128758,,37931,,,2,4,BVIEW_tracked_3d_object,0.4309870653323903,-0.062210391693227715,0.3030429611126154
189,"{""cam_vid_id_2436"": 0, ""cam_vid_id_2434"": 0, ""cam_vid_id_2438"": -1}               ",2020-10-18T08:20:58.244858+02:00,0.10656788442128758,,37933,,,2,4,BVIEW_tracked_3d_object,0.4309870653323903,-0.062210391693227715,0.3030429611126154
190,"{""cam_vid_id_2436"": 0, ""cam_vid_id_2434"": 0, ""cam_vid_id_2438"": -1}               ",2020-10-18T08:20:58.249777+02:00,0.10656788442128758,,37935,,,2,4,BVIEW_tracked_3d_object,0.4309870653323903,-0.062210391693227715,0.3030429611126154
191,"{""cam_vid_id_2436"": 0, ""cam_vid_id_2434"": 0, ""cam_vid_id_2438"": -1}               ",2020-10-18T08:20:58.254698+02:00,0.10656788442128758,,37937,,,2,4,BVIEW_tracked_3d_object,0.4309870653323903,-0.062210391693227715,0.3030429611126154
192,"{""cam_vid_id_2436"": 0, ""cam_vid_id_2434"": 0, ""cam_vid_id_2438"": -1}               ",2020-10-18T08:20:58.259625+02:00,0.10656788442128758,,37939,,,2,4,BVIEW_tracked_3d_object,0.4309870653323903,-0.062210391693227715,0.3030429611126154
193,"{""cam_vid_id_2436"": 0, ""cam_vid_id_2434"": 0, ""cam_vid_id_2438"": -1}               ",2020-10-18T08:20:58.264544+02:00,0.10656788442128758,,37941,,,2,4,BVIEW_tracked_3d_object,0.4309870653323903,-0.062210391693227715,0.3030429611126154
194,"{""cam_vid_id_2436"": 0, ""cam_vid_id_2434"": 0, ""cam_vid_id_2438"": -1}               ",2020-10-18T08:20:58.269458+02:00,0.10656788442128758,,37943,,,2,4,BVIEW_tracked_3d_object,0.4309870653323903,-0.062210391693227715,0.3030429611126154
195,"{""cam_vid_id_2436"": 0, ""cam_vid_id_2434"": 0, ""cam_vid_id_2438"": -1}               ",2020-10-18T08:20:58.274378+02:00,0.10656788442128758,,37945,,,2,4,BVIEW_tracked_3d_object,0.4309870653323903,-0.062210391693227715,0.3030429611126154
196,"{""cam_vid_id_2436"": 0, ""cam_vid_id_2434"": 0, ""cam_vid_id_2438"": -1}               ",2020-10-18T08:20:58.279285+02:00,0.10656788442128758,,37947,,,2,4,BVIEW_tracked_3d_object,0.4309870653323903,-0.062210391693227715,0.3030429611126154
197,"{""cam_vid_id_2436"": 0, ""cam_vid_id_2434"": 0, ""cam_vid_id_2438"": -1}               ",2020-10-18T08:20:58.284251+02:00,0.10656788442128758,,37949,,,2,4,BVIEW_tracked_3d_object,0.4309870653323903,-0.062210391693227715,0.3030429611126154
198,"{""cam_vid_id_2436"": 0, ""cam_vid_id_2434"": 0, ""cam_vid_id_2438"": -1}               ",2020-10-18T08:20:58.289196+02:00,0.10656788442128758,,37951,,,2,4,BVIEW_tracked_3d_object,0.4309870653323903,-0.062210391693227715,0.3030429611126154
199,"{""cam_vid_id_2436"": 0, ""cam_vid_id_2434"": 0, ""cam_vid_id_2438"": -1}               ",2020-10-18T08:20:58.294102+02:00,0.10656788442128758,,37953,,,2,4,BVIEW_tracked_3d_object,0.4309870653323903,-0.062210391693227715,0.3030429611126154
200,"{""cam_vid_id_2436"": 0, ""cam_vid_id_2434"": 0, ""cam_vid_id_2438"": -1}               ",2020-10-18T08:20:58.298963+02:00,0.10656788442128758,,37955,,,2,4,BVIEW_tracked_3d_object,0.4309870653323903,-0.062210391693227715,0.3030429611126154
201,"{""cam_vid_id_2436"": 0, ""cam_vid_id_2434"": 0, ""cam_vid_id_2438"": -1}               ",2020-10-18T08:20:58.304030+02:00,0.10656788442128758,,37957,,,2,4,BVIEW_tracked_3d_object,0.4309870653323903,-0.062210391693227715,0.3030429611126154
202,"{""cam_vid_id_2436"": 0, ""cam_vid_id_2434"": 0, ""cam_vid_id_2438"": -1}               ",2020-10-18T08:20:58.308896+02:00,0.10656788442128758,,37959,,,2,4,BVIEW_tracked_3d_object,0.4309870653323903,-0.062210391693227715,0.3030429611126154
203,"{""cam_vid_id_2436"": 0, ""cam_vid_id_2434"": 0, ""cam_vid_id_2438"": -1}               ",2020-10-18T08:20:58.313791+02:00,0.10656788442128758,,37961,,,2,4,BVIEW_tracked_3d_object,0.4309870653323903,-0.062210391693227715,0.3030429611126154
204,"{""cam_vid_id_2436"": 0, ""cam_vid_id_2434"": 0, ""cam_vid_id_2438"": -1}               ",2020-10-18T08:20:58.318680+02:00,0.10656788442128758,,37963,,,2,4,BVIEW_tracked_3d_object,0.4309870653323903,-0.062210391693227715,0.3030429611126154
205,"{""cam_vid_id_2436"": 0, ""cam_vid_id_2434"": 0, ""cam_vid_id_2438"": -1}               ",2020-10-18T08:20:58.323559+02:00,0.10656788442128758,,37965,,,2,4,BVIEW_tracked_3d_object,0.4309870653323903,-0.062210391693227715,0.3030429611126154
206,"{""cam_vid_id_2436"": 0, ""cam_vid_id_2434"": 0, ""cam_vid_id_2438"": -1}               ",2020-10-18T08:20:58.328450+02:00,0.10656788442128758,,37967,,,2,4,BVIEW_tracked_3d_object,0.4309870653323903,-0.062210391693227715,0.3030429611126154
207,"{""cam_vid_id_2436"": 0, ""cam_vid_id_2434"": 0, ""cam_vid_id_2438"": -1}               ",2020-10-18T08:20:58.333359+02:00,0.10656788442128758,,37969,,,2,4,BVIEW_tracked_3d_object,0.4309870653323903,-0.062210391693227715,0.3030429611126154
208,"{""cam_vid_id_2436"": 0, ""cam_vid_id_2434"": 0, ""cam_vid_id_2438"": -1}               ",2020-10-18T08:20:58.338236+02:00,0.10656788442128758,,37971,,,2,4,BVIEW_tracked_3d_object,0.4309870653323903,-0.062210391693227715,0.3030429611126154
209,"{""cam_vid_id_2436"": 0, ""cam_vid_id_2434"": 0, ""cam_vid_id_2438"": -1}               ",2020-10-18T08:20:58.343097+02:00,0.10656788442128758,,37973,,,2,4,BVIEW_tracked_3d_object,0.4309870653323903,-0.062210391693227715,0.3030429611126154
210,"{""cam_vid_id_2436"": 0, ""cam_vid_id_2434"": 0, ""cam_vid_id_2438"": -1}               ",2020-10-18T08:20:58.348009+02:00,0.10656788442128758,,37975,,,2,4,BVIEW_tracked_3d_object,0.4309870653323903,-0.062210391693227715,0.3030429611126154
211,"{""cam_vid_id_2436"": 0, ""cam_vid_id_2434"": 0, ""cam_vid_id_2438"": -1}               ",2020-10-18T08:20:58.352899+02:00,0.10656788442128758,,37977,,,2,4,BVIEW_tracked_3d_object,0.4309870653323903,-0.062210391693227715,0.3030429611126154
212,"{""cam_vid_id_2436"": 0, ""cam_vid_id_2434"": 0, ""cam_vid_id_2438"": -1}               ",2020-10-18T08:20:58.357825+02:00,0.10656788442128758,,37979,,,2,4,BVIEW_tracked_3d_object,0.4309870653323903,-0.062210391693227715,0.3030429611126154
213,"{""cam_vid_id_2436"": 0, ""cam_vid_id_2434"": 0, ""cam_vid_id_2438"": -1}               ",2020-10-18T08:20:58.362924+02:00,0.10656788442128758,,37981,,,2,4,BVIEW_tracked_3d_object,0.4309870653323903,-0.062210391693227715,0.3030429611126154
214,"{""cam_vid_id_2436"": 0, ""cam_vid_id_2434"": 0, ""cam_vid_id_2438"": -1}               ",2020-10-18T08:20:58.367808+02:00,0.10656788442128758,,37983,,,2,4,BVIEW_tracked_3d_object,0.4309870653323903,-0.062210391693227715,0.3030429611126154
215,"{""cam_vid_id_2436"": 0, ""cam_vid_id_2434"": 0, ""cam_vid_id_2438"": -1}               ",2020-10-18T08:20:58.372690+02:00,0.10656788442128758,,37985,,,2,4,BVIEW_tracked_3d_object,0.4309870653323903,-0.062210391693227715,0.3030429611126154
216,"{""cam_vid_id_2436"": 0, ""cam_vid_id_2434"": 0, ""cam_vid_id_2438"": -1}               ",2020-10-18T08:20:58.377636+02:00,0.10656788442128758,,37987,,,2,4,BVIEW_tracked_3d_object,0.4309870653323903,-0.062210391693227715,0.3030429611126154
217,"{""cam_vid_id_2436"": 0, ""cam_vid_id_2434"": 0, ""cam_vid_id_2438"": -1}               ",2020-10-18T08:20:58.382567+02:00,0.10656788442128758,,37989,,,2,4,BVIEW_tracked_3d_object,0.4309870653323903,-0.062210391693227715,0.3030429611126154
218,"{""cam_vid_id_2436"": 0, ""cam_vid_id_2434"": 0, ""cam_vid_id_2438"": -1}               ",2020-10-18T08:20:58.387591+02:00,0.10656788442128758,,37991,,,2,4,BVIEW_tracked_3d_object,0.4309870653323903,-0.062210391693227715,0.3030429611126154
219,"{""cam_vid_id_2436"": 0, ""cam_vid_id_2434"": 0, ""cam_vid_id_2438"": -1}               ",2020-10-18T08:20:58.392489+02:00,0.10656788442128758,,37993,,,2,4,BVIEW_tracked_3d_object,0.4309870653323903,-0.062210391693227715,0.3030429611126154
220,"{""cam_vid_id_2436"": 0, ""cam_vid_id_2434"": 0, ""cam_vid_id_2438"": -1}               ",2020-10-18T08:20:58.397445+02:00,0.10656788442128758,,37995,,,2,4,BVIEW_tracked_3d_object,0.4309870653323903,-0.062210391693227715,0.3030429611126154
221,"{""cam_vid_id_2436"": 0, ""cam_vid_id_2434"": 0, ""cam_vid_id_2438"": -1}               ",2020-10-18T08:20:58.402397+02:00,0.10656788442128758,,37997,,,2,4,BVIEW_tracked_3d_object,0.4309870653323903,-0.062210391693227715,0.3030429611126154
222,"{""cam_vid_id_2436"": 0, ""cam_vid_id_2434"": 0, ""cam_vid_id_2438"": -1}               ",2020-10-18T08:20:58.407336+02:00,0.10656788442128758,,37999,,,2,4,BVIEW_tracked_3d_object,0.4309870653323903,-0.062210391693227715,0.3030429611126154
223,"{""cam_vid_id_2436"": 0, ""cam_vid_id_2434"": 0, ""cam_vid_id_2438"": -1}               ",2020-10-18T08:20:58.412243+02:00,0.10656788442128758,,38001,,,2,4,BVIEW_tracked_3d_object,0.4309870653323903,-0.062210391693227715,0.3030429611126154
224,"{""cam_vid_id_2436"": 0, ""cam_vid_id_2434"": 0, ""cam_vid_id_2438"": -1}               ",2020-10-18T08:20:58.417220+02:00,0.10656788442128758,,38003,,,2,4,BVIEW_tracked_3d_object,0.4309870653323903,-0.062210391693227715,0.3030429611126154
225,"{""cam_vid_id_2436"": 0, ""cam_vid_id_2434"": 0, ""cam_vid_id_2438"": -1}               ",2020-10-18T08:20:58.422279+02:00,0.10656788442128758,,38005,,,2,4,BVIEW_tracked_3d_object,0.4309870653323903,-0.062210391693227715,0.3030429611126154
226,"{""cam_vid_id_2436"": 0, ""cam_vid_id_2434"": 0, ""cam_vid_id_2438"": -1}               ",2020-10-18T08:20:58.427137+02:00,0.10656788442128758,,38007,,,2,4,BVIEW_tracked_3d_object,0.4309870653323903,-0.062210391693227715,0.3030429611126154
227,"{""cam_vid_id_2436"": 0, ""cam_vid_id_2434"": 0, ""cam_vid_id_2438"": -1}               ",2020-10-18T08:20:58.432012+02:00,0.10656788442128758,,38009,,,2,4,BVIEW_tracked_3d_object,0.4309870653323903,-0.062210391693227715,0.3030429611126154
228,"{""cam_vid_id_2436"": 0, ""cam_vid_id_2434"": 0, ""cam_vid_id_2438"": -1}               ",2020-10-18T08:20:58.436903+02:00,0.10656788442128758,,38011,,,2,4,BVIEW_tracked_3d_object,0.4309870653323903,-0.062210391693227715,0.3030429611126154
229,"{""cam_vid_id_2436"": 0, ""cam_vid_id_2434"": 0, ""cam_vid_id_2438"": -1}               ",2020-10-18T08:20:58.441820+02:00,0.10656788442128758,,38013,,,2,4,BVIEW_tracked_3d_object,0.4309870653323903,-0.062210391693227715,0.3030429611126154
230,"{""cam_vid_id_2436"": 0, ""cam_vid_id_2434"": 0, ""cam_vid_id_2438"": -1}               ",2020-10-18T08:20:58.446714+02:00,0.10656788442128758,,38015,,,2,4,BVIEW_tracked_3d_object,0.4309870653323903,-0.062210391693227715,0.3030429611126154
231,"{""cam_vid_id_2436"": 0, ""cam_vid_id_2434"": 0, ""cam_vid_id_2438"": -1}               ",2020-10-18T08:20:58.451625+02:00,0.10656788442128758,,38017,,,2,4,BVIEW_tracked_3d_object,0.4309870653323903,-0.062210391693227715,0.3030429611126154
232,"{""cam_vid_id_2436"": 0, ""cam_vid_id_2434"": 0, ""cam_vid_id_2438"": -1}               ",2020-10-18T08:20:58.456532+02:00,0.10656788442128758,,38019,,,2,4,BVIEW_tracked_3d_object,0.4309870653323903,-0.062210391693227715,0.3030429611126154
233,"{""cam_vid_id_2436"": 0, ""cam_vid_id_2434"": 0, ""cam_vid_id_2438"": -1}               ",2020-10-18T08:20:58.461534+02:00,0.10656788442128758,,38021,,,2,4,BVIEW_tracked_3d_object,0.4309870653323903,-0.062210391693227715,0.3030429611126154
234,"{""cam_vid_id_2436"": 0, ""cam_vid_id_2434"": 0, ""cam_vid_id_2438"": -1}               ",2020-10-18T08:20:58.466479+02:00,0.10656788442128758,,38023,,,2,4,BVIEW_tracked_3d_object,0.4309870653323903,-0.062210391693227715,0.3030429611126154
235,"{""cam_vid_id_2436"": 0, ""cam_vid_id_2434"": 0, ""cam_vid_id_2438"": -1}               ",2020-10-18T08:20:58.471440+02:00,0.10656788442128758,,38025,,,2,4,BVIEW_tracked_3d_object,0.4309870653323903,-0.062210391693227715,0.3030429611126154
236,"{""cam_vid_id_2436"": 0, ""cam_vid_id_2434"": 0, ""cam_vid_id_2438"": -1}               ",2020-10-18T08:20:58.476344+02:00,0.10656788442128758,,38027,,,2,4,BVIEW_tracked_3d_object,0.4309870653323903,-0.062210391693227715,0.3030429611126154
237,"{""cam_vid_id_2436"": 0, ""cam_vid_id_2434"": 0, ""cam_vid_id_2438"": -1}               ",2020-10-18T08:20:58.481439+02:00,0.10656788442128758,,38029,,,2,4,BVIEW_tracked_3d_object,0.4309870653323903,-0.062210391693227715,0.3030429611126154
238,"{""cam_vid_id_2436"": 0, ""cam_vid_id_2434"": 0, ""cam_vid_id_2438"": -1}               ",2020-10-18T08:20:58.486455+02:00,0.10656788442128758,,38031,,,2,4,BVIEW_tracked_3d_object,0.4309870653323903,-0.062210391693227715,0.3030429611126154
239,"{""cam_vid_id_2436"": 0, ""cam_vid_id_2434"": 0, ""cam_vid_id_2438"": -1}               ",2020-10-18T08:20:58.491381+02:00,0.10656788442128758,,38033,,,2,4,BVIEW_tracked_3d_object,0.4309870653323903,-0.062210391693227715,0.3030429611126154
240,"{""cam_vid_id_2436"": 0, ""cam_vid_id_2434"": 0, ""cam_vid_id_2438"": -1}               ",2020-10-18T08:20:58.496251+02:00,0.10656788442128758,,38035,,,2,4,BVIEW_tracked_3d_object,0.4309870653323903,-0.062210391693227715,0.3030429611126154
241,"{""cam_vid_id_2436"": 0, ""cam_vid_id_2434"": 0, ""cam_vid_id_2438"": -1}               ",2020-10-18T08:20:58.501145+02:00,0.10656788442128758,,38037,,,2,4,BVIEW_tracked_3d_object,0.4309870653323903,-0.062210391693227715,0.3030429611126154
242,"{""cam_vid_id_2436"": 0, ""cam_vid_id_2434"": 0, ""cam_vid_id_2438"": -1}               ",2020-10-18T08:20:58.506031+02:00,0.10656788442128758,,38039,,,2,4,BVIEW_tracked_3d_object,0.4309870653323903,-0.062210391693227715,0.3030429611126154
